"id","name","birthday","email"
1,"Hy Havick","1978-06-23","hhavick0@alibaba.com"
2,"Noel Groll","1922-01-14","ngroll1@phoca.cz"
3,"Murial Hamberstone","1966-11-30","mhamberstone2@tinyurl.com"
4,"Gertrud Burkinshaw","1936-03-16","gburkinshaw3@squarespace.com"
5,"Bevvy Colaco","1997-10-05","bcolaco4@sciencedaily.com"
6,"Wilfrid Gatesman","1959-03-21","wgatesman5@dion.ne.jp"
7,"Hal Silveston","1919-07-17","hsilveston6@hao123.com"
8,"Gardie Jinkins","1979-09-10","gjinkins7@unblog.fr"
9,"Eb Toopin","1947-11-30","etoopin8@samsung.com"
10,"Beck Torns","1991-06-05","btorns9@census.gov"
11,"Ronni Kitchaside","1997-05-11","rkitchasidea@miibeian.gov.cn"
12,"Lauren Janosevic","1950-11-16","ljanosevicb@salon.com"
13,"Arney Finn","1966-05-19","afinnc@netlog.com"
14,"Astra Aguirrezabal","1941-10-15","aaguirrezabald@photobucket.com"
15,"Celina Von Welldun","1998-07-18","cvone@facebook.com"
16,"Stacie Pareman","1957-02-15","sparemanf@abc.net.au"
17,"Eleen Chorley","1910-12-09","echorleyg@liveinternet.ru"
18,"Cloe Nolda","1986-11-19","cnoldah@odnoklassniki.ru"
19,"Ernesto Goldstraw","1947-05-01","egoldstrawi@rakuten.co.jp"
20,"Lemmy Kibbey","1995-01-08","lkibbeyj@europa.eu"
21,"Melosa Montier","1926-04-04","mmontierk@dell.com"
22,"Tammy Downing","1948-03-29","tdowningl@senate.gov"
23,"Dougie Burgon","1989-11-16","dburgonm@ft.com"
24,"Ardelis Poolman","1906-09-28","apoolmann@dmoz.org"
25,"Jessee Jansema","1947-07-06","jjansemao@jalbum.net"
26,"Jeanelle Aneley","1971-01-15","janeleyp@earthlink.net"
27,"Aryn Gowthorpe","1987-11-04","agowthorpeq@bloglovin.com"
28,"Cointon Marrill","1966-09-16","cmarrillr@indiegogo.com"
29,"Ileana Willowby","1948-08-04","iwillowbys@cbc.ca"
30,"Napoleon Corderoy","1965-02-08","ncorderoyt@opensource.org"
31,"Giffard Prue","1944-11-07","gprueu@reference.com"
32,"Rolph Mc Faul","1934-10-28","rmcv@china.com.cn"
33,"Brandea Besque","1931-09-06","bbesquew@unicef.org"
34,"Jeannie Othick","1906-05-02","jothickx@hugedomains.com"
35,"Emmalynne Grabert","1924-04-23","egraberty@dion.ne.jp"
36,"Yasmeen Pauluzzi","1934-02-23","ypauluzziz@zimbio.com"
37,"Levon Orwin","1946-04-09","lorwin10@hostgator.com"
38,"Cristina Dairton","1907-05-18","cdairton11@nps.gov"
39,"Reuven Baud","1971-10-02","rbaud12@europa.eu"
40,"Aura Kull","1990-08-21","akull13@diigo.com"
41,"Giacobo Casbourne","1951-10-03","gcasbourne14@moonfruit.com"
42,"Curtis MacKay","1905-03-26","cmackay15@fastcompany.com"
43,"Adelbert Kelcey","1971-12-08","akelcey16@desdev.cn"
44,"Lillis O'Halleghane","1963-11-12","lohalleghane17@addthis.com"
45,"Donaugh Astie","1953-01-04","dastie18@csmonitor.com"
46,"De witt Kilborn","1947-09-25","dwitt19@squarespace.com"
47,"Georgianna Gonthier","1925-05-31","ggonthier1a@diigo.com"
48,"Rafaelita Sketch","1948-01-13","rsketch1b@skype.com"
49,"Kalindi Videneev","1924-03-09","kvideneev1c@apache.org"
50,"Yetta Duchatel","1991-01-07","yduchatel1d@china.com.cn"
